{
  "project_info": {
    "project_number": "160850909987",
    "project_id": "proyectosegundob-moviles",
    "storage_bucket": "proyectosegundob-moviles.appspot.com"
  },
  "client": [
    {
      "client_info": {
        "mobilesdk_app_id": "1:160850909987:android:9e9b2db924598c35600a96",
        "android_client_info": {
          "package_name": "com.example.proyectosegundob_moviles"
        }
      },
      "oauth_client": [
        {
          "client_id": "160850909987-0dsn194f5uri772h43sidavtuu1jflkb.apps.googleusercontent.com",
          "client_type": 3
        }
      ],
      "api_key": [
        {
          "current_key": "AIzaSyBuiJQeciThsheU8FEUOdMadUJwUBSykh4"
        }
      ],
      "services": {
        "appinvite_service": {
          "other_platform_oauth_client": [
            {
              "client_id": "160850909987-0dsn194f5uri772h43sidavtuu1jflkb.apps.googleusercontent.com",
              "client_type": 3
            }
          ]
        }
      }
    }
  ],
  "configuration_version": "1"
}